_id,timestamp,sensor_id,soil_moisture,ph,temperature,humidity,rssi,snr,created_at
6903c43f550f1cf2776b87ef,2025-10-30 00:00:00+00:00,Sensor_2,0,6.46,-999.0,-999.0,-76,9.0,2025-10-30T22:02:07.304Z
69088bfb0633c746f8a0905d,2025-10-30 00:00:00+00:00,Sensor_1,100,6.35,-999.0,-999.0,-55,9.75,2025-11-03T13:03:23.593Z
69088c370633c746f8a0905e,2025-10-30 00:12:00+00:00,Sensor_2,100,6.2,-999.0,-999.0,-56,10.5,2025-11-03T13:04:23.723Z
69088c730633c746f8a0905f,2025-10-30 00:24:00+00:00,Sensor_2,100,5.93,-999.0,-999.0,-56,10.75,2025-11-03T13:05:23.837Z
69088cae0633c746f8a09060,2025-10-30 00:05:00+00:00,Sensor_1,100,6.07,31.8,66.1,-56,9.75,2025-11-03T13:06:22.307Z
69088cea0633c746f8a09061,2025-10-30 00:10:00+00:00,Sensor_1,100,6.44,32.5,39.5,-62,9.25,2025-11-03T13:07:22.423Z
69088d260633c746f8a09062,2025-10-30 00:36:00+00:00,Sensor_2,100,6.32,32.0,39.2,-60,10.0,2025-11-03T13:08:22.434Z
69088d620633c746f8a09063,2025-10-30 00:48:00+00:00,Sensor_2,100,6.34,31.5,39.8,-66,10.25,2025-11-03T13:09:22.542Z
69088d9e0633c746f8a09064,2025-10-30 01:00:00+00:00,Sensor_2,100,6.27,31.0,40.2,-59,8.5,2025-11-03T13:10:22.655Z
69088dda0633c746f8a09065,2025-10-30 01:12:00+00:00,Sensor_2,100,5.8,30.7,40.9,-59,9.0,2025-11-03T13:11:22.771Z
69088e160633c746f8a09066,2025-10-30 00:15:00+00:00,Sensor_1,100,6.15,30.4,41.3,-56,9.25,2025-11-03T13:12:22.780Z
69088e520633c746f8a09067,2025-10-30 00:20:00+00:00,Sensor_1,100,6.06,30.3,41.6,-60,9.25,2025-11-03T13:13:22.873Z
69088e8e0633c746f8a09068,2025-10-30 00:25:00+00:00,Sensor_1,100,6.18,30.2,42.0,-61,10.0,2025-11-03T13:14:22.962Z
69088ecb0633c746f8a09069,2025-10-30 00:30:00+00:00,Sensor_1,100,5.94,30.1,42.5,-59,9.0,2025-11-03T13:15:23.114Z
690ee37d18e7b4fde24ebfb5,2025-10-30 00:35:00+00:00,Sensor_1,0,6.49,23.7,53.5,-54,9.25,2025-11-08T08:30:21.420Z
690ee3b918e7b4fde24ebfb6,2025-10-30 00:40:00+00:00,Sensor_1,0,5.94,23.7,53.7,-54,9.25,2025-11-08T08:31:21.439Z
690ee3f518e7b4fde24ebfb7,2025-10-30 00:45:00+00:00,Sensor_1,0,6.26,23.8,53.5,-53,9.25,2025-11-08T08:32:21.451Z
6918309f48d8781b1e5ece2d,2025-10-30 01:24:00+00:00,Sensor_2,0,5.93,25.9,57.2,-40,10.0,2025-11-15T09:49:51.931Z
691830db48d8781b1e5ece2e,2025-10-30 00:50:00+00:00,Sensor_1,0,6.49,25.9,57.0,-43,10.0,2025-11-15T09:50:51.970Z
6918311748d8781b1e5ece2f,2025-10-30 00:55:00+00:00,Sensor_1,0,5.96,26.0,56.5,-49,10.25,2025-11-15T09:51:51.991Z
6918315448d8781b1e5ece30,2025-10-30 01:00:00+00:00,Sensor_1,0,6.16,26.1,56.3,-53,9.5,2025-11-15T09:52:52.009Z
6918319048d8781b1e5ece31,2025-10-30 01:05:00+00:00,Sensor_1,0,6.0,26.1,56.3,-58,9.5,2025-11-15T09:53:52.099Z
691831cc48d8781b1e5ece32,2025-10-30 01:10:00+00:00,Sensor_1,0,5.97,26.2,56.1,-59,10.0,2025-11-15T09:54:52.152Z
691881b51c7f0f81df835b80,2025-10-30 01:36:00+00:00,Sensor_2,0,6.16,26.5,60.6,-115,-8.5,2025-11-15T15:35:49.656Z
691887561c7f0f81df835b81,2025-10-30 01:15:00+00:00,Sensor_1,0,5.98,27.5,56.4,-119,-18.5,2025-11-15T15:59:50.047Z
69188a251c7f0f81df835b82,2025-10-30 01:20:00+00:00,Sensor_1,0,6.22,27.4,66.0,-119,-14.75,2025-11-15T16:11:49.853Z
69188cf61c7f0f81df835b83,2025-10-30 01:48:00+00:00,Sensor_2,0,6.5,27.4,69.3,-119,-14.5,2025-11-15T16:23:50.089Z
69188fc61c7f0f81df835b84,2025-10-30 02:00:00+00:00,Sensor_2,0,6.16,27.6,71.9,-120,-14.0,2025-11-15T16:35:50.171Z
691892961c7f0f81df835b85,2025-10-30 01:25:00+00:00,Sensor_1,0,6.09,27.9,71.1,-119,-14.0,2025-11-15T16:47:50.367Z
6919afbe86bc360b011760da,2025-10-30 01:30:00+00:00,Sensor_1,100,6.3,30.4,46.0,-85,9.25,2025-11-16T13:04:30.398Z
6919b0ea86bc360b011760db,2025-10-30 01:35:00+00:00,Sensor_1,100,6.5,30.3,47.3,-89,8.5,2025-11-16T13:09:30.433Z
6919b21686bc360b011760dc,2025-10-30 01:40:00+00:00,Sensor_1,100,5.94,30.1,47.2,-83,9.75,2025-11-16T13:14:30.390Z
6919b34286bc360b011760dd,2025-10-30 02:12:00+00:00,Sensor_2,100,5.91,29.6,48.0,-84,9.25,2025-11-16T13:19:30.474Z
6919b46e86bc360b011760de,2025-10-30 01:45:00+00:00,Sensor_1,100,6.12,29.1,49.6,-84,9.25,2025-11-16T13:24:30.566Z
6919b59a86bc360b011760df,2025-10-30 02:24:00+00:00,Sensor_2,100,6.05,28.6,49.4,-85,9.25,2025-11-16T13:29:30.776Z
6919b6c686bc360b011760e0,2025-10-30 01:50:00+00:00,Sensor_1,100,6.24,28.5,49.5,-90,9.0,2025-11-16T13:34:30.812Z
6919b7f286bc360b011760e1,2025-10-30 01:55:00+00:00,Sensor_1,100,5.87,28.5,48.8,-85,9.5,2025-11-16T13:39:30.846Z
6919b91e86bc360b011760e2,2025-10-30 02:00:00+00:00,Sensor_1,100,6.41,28.6,49.6,-82,10.5,2025-11-16T13:44:30.910Z
6919ba4b86bc360b011760e3,2025-10-30 02:05:00+00:00,Sensor_1,100,6.15,28.3,51.9,-86,9.25,2025-11-16T13:49:31.120Z
6919bb7786bc360b011760e4,2025-10-30 02:10:00+00:00,Sensor_1,100,5.82,27.7,49.6,-86,9.0,2025-11-16T13:54:31.080Z
6919bca386bc360b011760e5,2025-10-30 02:15:00+00:00,Sensor_1,100,6.4,27.2,51.2,-85,9.25,2025-11-16T13:59:31.190Z
6919bdcf86bc360b011760e6,2025-10-30 02:20:00+00:00,Sensor_1,100,5.93,26.6,53.4,-85,9.75,2025-11-16T14:04:31.225Z
6919befb86bc360b011760e7,2025-10-30 02:25:00+00:00,Sensor_1,100,6.43,26.0,55.8,-85,9.75,2025-11-16T14:09:31.266Z
6919c02786bc360b011760e8,2025-10-30 02:30:00+00:00,Sensor_1,100,6.25,25.7,58.8,-84,9.75,2025-11-16T14:14:31.294Z
6919c15386bc360b011760e9,2025-10-30 02:36:00+00:00,Sensor_2,100,6.05,25.4,56.2,-86,9.5,2025-11-16T14:19:31.328Z
6919c27f86bc360b011760ea,2025-10-30 02:48:00+00:00,Sensor_2,100,6.21,25.3,56.8,-86,9.25,2025-11-16T14:24:31.364Z
6919c3ab86bc360b011760eb,2025-10-30 02:35:00+00:00,Sensor_1,100,6.12,25.0,56.7,-83,13.0,2025-11-16T14:29:31.398Z
6919c4d786bc360b011760ec,2025-10-30 02:40:00+00:00,Sensor_1,100,6.48,24.9,57.6,-88,11.5,2025-11-16T14:34:31.433Z
6919c60386bc360b011760ed,2025-10-30 02:45:00+00:00,Sensor_1,100,6.35,25.0,55.1,-85,10.5,2025-11-16T14:39:31.469Z
6919c72f86bc360b011760ee,2025-10-30 03:00:00+00:00,Sensor_2,100,5.92,25.4,56.1,-85,10.5,2025-11-16T14:44:31.503Z
6919c85b86bc360b011760ef,2025-10-30 03:12:00+00:00,Sensor_2,100,6.24,25.4,55.7,-87,9.75,2025-11-16T14:49:31.491Z
6919c98786bc360b011760f0,2025-10-30 02:50:00+00:00,Sensor_1,100,6.43,25.0,57.8,-85,10.5,2025-11-16T14:54:31.371Z
6919cab386bc360b011760f1,2025-10-30 02:55:00+00:00,Sensor_1,100,6.43,24.6,60.4,-83,12.25,2025-11-16T14:59:31.466Z
6919cbdf86bc360b011760f2,2025-10-30 03:00:00+00:00,Sensor_1,100,6.12,24.5,61.8,-90,10.25,2025-11-16T15:04:31.642Z
6919cd0b86bc360b011760f3,2025-10-30 03:05:00+00:00,Sensor_1,100,5.83,24.2,60.6,-83,12.0,2025-11-16T15:09:31.472Z
6919ce3786bc360b011760f4,2025-10-30 03:10:00+00:00,Sensor_1,100,5.82,24.0,60.5,-83,12.0,2025-11-16T15:14:31.507Z
6919cf6386bc360b011760f5,2025-10-30 03:15:00+00:00,Sensor_1,100,6.5,23.9,63.2,-83,12.5,2025-11-16T15:19:31.648Z
6919d08f86bc360b011760f6,2025-10-30 03:20:00+00:00,Sensor_1,100,6.08,23.7,62.8,-85,10.0,2025-11-16T15:24:31.474Z
6919d1bb86bc360b011760f7,2025-10-30 03:25:00+00:00,Sensor_1,100,6.18,23.5,65.2,-86,10.25,2025-11-16T15:29:31.509Z
6919d2e786bc360b011760f8,2025-10-30 03:24:00+00:00,Sensor_2,100,5.89,23.2,66.7,-85,10.5,2025-11-16T15:34:31.544Z
6919d41386bc360b011760f9,2025-10-30 03:30:00+00:00,Sensor_1,100,5.97,23.1,67.8,-94,10.5,2025-11-16T15:39:31.580Z
6919d53f86bc360b011760fa,2025-10-30 03:35:00+00:00,Sensor_1,100,6.0,22.9,67.4,-88,12.75,2025-11-16T15:44:31.614Z
6919d66b86bc360b011760fb,2025-10-30 03:40:00+00:00,Sensor_1,100,6.03,23.0,66.1,-86,11.0,2025-11-16T15:49:31.648Z
6919d79786bc360b011760fc,2025-10-30 03:45:00+00:00,Sensor_1,100,6.04,23.0,66.6,-88,12.75,2025-11-16T15:54:31.479Z
6919d8c386bc360b011760fd,2025-10-30 03:50:00+00:00,Sensor_1,100,6.09,22.9,68.1,-88,13.75,2025-11-16T15:59:31.514Z
6919d9ef86bc360b011760fe,2025-10-30 03:55:00+00:00,Sensor_1,100,5.8,22.9,68.2,-89,12.25,2025-11-16T16:04:31.549Z
6919db1b86bc360b011760ff,2025-10-30 04:00:00+00:00,Sensor_1,100,6.32,22.9,67.4,-88,13.75,2025-11-16T16:09:31.583Z
6919dc4786bc360b01176100,2025-10-30 04:05:00+00:00,Sensor_1,100,6.33,23.0,67.0,-84,11.25,2025-11-16T16:14:31.620Z
6919dd7386bc360b01176101,2025-10-30 04:10:00+00:00,Sensor_1,100,6.05,23.0,66.7,-97,8.75,2025-11-16T16:19:31.653Z
6919de9f86bc360b01176102,2025-10-30 04:15:00+00:00,Sensor_1,100,5.88,23.0,67.0,-92,10.75,2025-11-16T16:24:31.688Z
6919dfcb86bc360b01176103,2025-10-30 04:20:00+00:00,Sensor_1,100,6.0,23.1,66.6,-88,12.5,2025-11-16T16:29:31.927Z
6919e0f786bc360b01176104,2025-10-30 04:25:00+00:00,Sensor_1,100,5.8,23.2,66.3,-89,11.75,2025-11-16T16:34:31.763Z
6919e22386bc360b01176105,2025-10-30 04:30:00+00:00,Sensor_1,100,5.82,23.3,67.0,-88,13.5,2025-11-16T16:39:31.759Z
6919e34f86bc360b01176106,2025-10-30 03:36:00+00:00,Sensor_2,100,6.09,23.4,67.0,-87,10.5,2025-11-16T16:44:31.827Z
6919e47b86bc360b01176107,2025-10-30 03:48:00+00:00,Sensor_2,100,6.33,23.2,67.4,-90,11.25,2025-11-16T16:49:31.846Z
6919e5a786bc360b01176108,2025-10-30 04:35:00+00:00,Sensor_1,100,6.17,23.2,67.8,-90,11.25,2025-11-16T16:54:31.896Z
6919e847ea77321d9e9f48d8,2025-10-30 04:40:00+00:00,Sensor_1,86,6.14,25.3,56.6,-88,10.5,2025-11-16T17:05:43.356Z
6919e973ea77321d9e9f48d9,2025-10-30 04:45:00+00:00,Sensor_1,85,5.99,27.1,52.3,-85,9.75,2025-11-16T17:10:43.612Z
6919ea9fea77321d9e9f48da,2025-10-30 04:50:00+00:00,Sensor_1,82,6.17,29.4,50.3,-87,10.0,2025-11-16T17:15:43.526Z
6919ebcbea77321d9e9f48db,2025-10-30 04:00:00+00:00,Sensor_2,81,5.84,31.6,43.8,-90,10.0,2025-11-16T17:20:43.613Z
691ac907ea77321d9e9f48dc,2025-10-30 04:55:00+00:00,Sensor_1,61,6.49,31.9,42.6,-96,9.25,2025-11-17T09:04:39.936Z
691aca34ea77321d9e9f48dd,2025-10-30 05:00:00+00:00,Sensor_1,57,6.05,29.8,45.5,-98,9.25,2025-11-17T09:09:40.175Z
691acb60ea77321d9e9f48de,2025-10-30 04:12:00+00:00,Sensor_2,57,6.04,28.4,47.3,-97,8.5,2025-11-17T09:14:40.078Z
691acc8cea77321d9e9f48df,2025-10-30 05:05:00+00:00,Sensor_1,56,6.26,27.8,48.8,-97,8.75,2025-11-17T09:19:40.245Z
691acdb8ea77321d9e9f48e0,2025-10-30 04:24:00+00:00,Sensor_2,56,6.44,27.6,51.1,-98,10.5,2025-11-17T09:24:40.280Z
691acee4ea77321d9e9f48e1,2025-10-30 04:36:00+00:00,Sensor_2,56,6.47,27.8,50.4,-99,11.5,2025-11-17T09:29:40.523Z
691ad010ea77321d9e9f48e2,2025-10-30 05:10:00+00:00,Sensor_1,55,6.37,28.2,51.4,-98,10.5,2025-11-17T09:34:40.553Z
691ad13cea77321d9e9f48e3,2025-10-30 05:15:00+00:00,Sensor_1,55,6.17,28.2,50.5,-99,10.0,2025-11-17T09:39:40.589Z
691ad268ea77321d9e9f48e4,2025-10-30 05:20:00+00:00,Sensor_1,55,5.93,27.9,49.0,-99,11.75,2025-11-17T09:44:40.628Z
691ad394ea77321d9e9f48e5,2025-10-30 04:48:00+00:00,Sensor_2,55,6.26,28.2,48.9,-97,9.75,2025-11-17T09:49:40.674Z
691ad4c0ea77321d9e9f48e6,2025-10-30 05:00:00+00:00,Sensor_2,55,6.21,28.7,50.6,-98,10.5,2025-11-17T09:54:40.697Z
691ad5ecea77321d9e9f48e7,2025-10-30 05:25:00+00:00,Sensor_1,55,5.83,28.7,47.7,-97,10.75,2025-11-17T09:59:40.678Z
691ad718ea77321d9e9f48e8,2025-10-30 05:30:00+00:00,Sensor_1,55,5.97,28.8,49.3,-101,9.5,2025-11-17T10:04:40.760Z
691ad844ea77321d9e9f48e9,2025-10-30 05:35:00+00:00,Sensor_1,55,6.07,29.2,49.2,-99,11.5,2025-11-17T10:09:40.797Z
691ad970ea77321d9e9f48ea,2025-10-30 05:40:00+00:00,Sensor_1,55,6.36,29.6,47.1,-99,11.25,2025-11-17T10:14:40.832Z
691ada9cea77321d9e9f48eb,2025-10-30 05:45:00+00:00,Sensor_1,55,6.3,29.7,47.3,-99,10.25,2025-11-17T10:19:40.676Z
691adbc8ea77321d9e9f48ec,2025-10-30 05:50:00+00:00,Sensor_1,55,6.45,29.9,48.8,-99,10.0,2025-11-17T10:24:40.696Z
691adcf4ea77321d9e9f48ed,2025-10-30 05:55:00+00:00,Sensor_1,55,5.93,29.4,47.0,-102,7.75,2025-11-17T10:29:40.936Z
691ade20ea77321d9e9f48ee,2025-10-30 06:00:00+00:00,Sensor_1,55,6.01,29.5,48.1,-98,9.75,2025-11-17T10:34:40.972Z
691adf4dea77321d9e9f48ef,2025-10-30 06:05:00+00:00,Sensor_1,55,6.27,29.3,45.8,-99,10.5,2025-11-17T10:39:41.007Z
691ae078ea77321d9e9f48f0,2025-10-30 05:12:00+00:00,Sensor_2,55,6.39,28.9,47.4,-101,8.75,2025-11-17T10:44:40.868Z
691ae1a4ea77321d9e9f48f1,2025-10-30 06:10:00+00:00,Sensor_1,55,6.28,28.9,48.8,-101,8.25,2025-11-17T10:49:40.871Z
691ae2d0ea77321d9e9f48f2,2025-10-30 05:24:00+00:00,Sensor_2,55,5.96,29.1,48.8,-99,9.25,2025-11-17T10:54:40.865Z
691ae3fcea77321d9e9f48f3,2025-10-30 06:15:00+00:00,Sensor_1,56,6.17,29.3,48.8,-100,8.0,2025-11-17T10:59:40.942Z
691ae528ea77321d9e9f48f4,2025-10-30 06:20:00+00:00,Sensor_1,57,6.22,29.6,47.2,-100,8.0,2025-11-17T11:04:40.982Z
691ae94d8f2f9f981cac268e,2025-10-30 05:36:00+00:00,Sensor_2,60,6.29,30.0,43.0,-111,-0.75,2025-11-17T11:22:21.450Z
691aea798f2f9f981cac268f,2025-10-30 05:48:00+00:00,Sensor_2,70,6.38,28.7,45.1,-109,0.25,2025-11-17T11:27:21.690Z
691aee5b8f2f9f981cac2690,2025-10-30 06:00:00+00:00,Sensor_2,56,6.4,31.2,40.8,-103,6.75,2025-11-17T11:43:55.593Z
691aef878f2f9f981cac2691,2025-10-30 06:25:00+00:00,Sensor_1,54,5.93,29.9,43.4,-99,10.25,2025-11-17T11:48:55.627Z
691af0b38f2f9f981cac2692,2025-10-30 06:30:00+00:00,Sensor_1,54,5.82,29.7,45.1,-101,7.25,2025-11-17T11:53:55.867Z
691b20428f2f9f981cac2693,2025-10-30 06:35:00+00:00,Sensor_1,3,6.46,28.3,51.8,-65,10.75,2025-11-17T15:16:50.932Z
691b216e8f2f9f981cac2694,2025-10-30 06:40:00+00:00,Sensor_1,3,6.48,28.7,51.5,-66,11.0,2025-11-17T15:21:50.967Z
691b229b8f2f9f981cac2695,2025-10-30 06:45:00+00:00,Sensor_1,4,6.24,29.1,52.9,-72,11.75,2025-11-17T15:26:51.004Z
691b23c78f2f9f981cac2696,2025-10-30 06:50:00+00:00,Sensor_1,5,5.93,29.4,55.5,-71,11.0,2025-11-17T15:31:51.242Z
691b24f38f2f9f981cac2697,2025-10-30 06:12:00+00:00,Sensor_2,5,6.23,29.7,56.8,-71,12.5,2025-11-17T15:36:51.171Z
691b261f8f2f9f981cac2698,2025-10-30 06:24:00+00:00,Sensor_2,7,5.9,29.8,56.3,-72,13.0,2025-11-17T15:41:51.331Z
691b274b8f2f9f981cac2699,2025-10-30 06:55:00+00:00,Sensor_1,7,6.44,29.7,53.9,-73,12.75,2025-11-17T15:46:51.332Z
691b28778f2f9f981cac269a,2025-10-30 07:00:00+00:00,Sensor_1,7,6.46,29.7,52.5,-72,14.25,2025-11-17T15:51:51.584Z
691b29a38f2f9f981cac269b,2025-10-30 06:36:00+00:00,Sensor_2,8,5.93,29.7,51.6,-75,11.25,2025-11-17T15:56:51.620Z
691b2acf8f2f9f981cac269c,2025-10-30 06:48:00+00:00,Sensor_2,10,5.81,29.6,51.4,-72,14.5,2025-11-17T16:01:51.655Z
691b2bfb8f2f9f981cac269d,2025-10-30 07:05:00+00:00,Sensor_1,13,6.33,29.6,50.3,-71,10.0,2025-11-17T16:06:51.690Z
691b2d5e8f2f9f981cac269e,2025-10-30 07:00:00+00:00,Sensor_2,100,6.23,27.6,53.1,-84,10.25,2025-11-17T16:12:46.524Z
691b2e8a8f2f9f981cac269f,2025-10-30 07:12:00+00:00,Sensor_2,100,6.39,26.4,56.6,-84,9.75,2025-11-17T16:17:46.609Z
691b2fb68f2f9f981cac26a0,2025-10-30 07:10:00+00:00,Sensor_1,100,5.91,25.8,59.0,-83,10.5,2025-11-17T16:22:46.528Z
691b30e28f2f9f981cac26a1,2025-10-30 07:15:00+00:00,Sensor_1,99,6.11,25.0,60.5,-83,10.5,2025-11-17T16:27:46.550Z
691b320e8f2f9f981cac26a2,2025-10-30 07:20:00+00:00,Sensor_1,98,5.88,24.8,61.6,-84,9.0,2025-11-17T16:32:46.722Z
691b333a8f2f9f981cac26a3,2025-10-30 07:25:00+00:00,Sensor_1,97,6.01,24.4,61.9,-83,10.5,2025-11-17T16:37:46.818Z
691b34668f2f9f981cac26a4,2025-10-30 07:30:00+00:00,Sensor_1,97,6.49,24.2,62.7,-85,10.0,2025-11-17T16:42:46.907Z
691b35928f2f9f981cac26a5,2025-10-30 07:24:00+00:00,Sensor_2,96,5.96,24.2,63.6,-84,9.75,2025-11-17T16:47:46.976Z
691b36bf8f2f9f981cac26a6,2025-10-30 07:35:00+00:00,Sensor_1,96,6.04,24.1,64.1,-83,11.0,2025-11-17T16:52:47.067Z
691b37eb8f2f9f981cac26a7,2025-10-30 07:36:00+00:00,Sensor_2,96,5.87,24.0,64.4,-82,11.75,2025-11-17T16:57:47.694Z
691b39178f2f9f981cac26a8,2025-10-30 07:40:00+00:00,Sensor_1,96,6.29,23.8,63.6,-83,10.25,2025-11-17T17:02:47.176Z
691b3a438f2f9f981cac26a9,2025-10-30 07:48:00+00:00,Sensor_2,96,6.35,23.8,63.8,-84,10.25,2025-11-17T17:07:47.249Z
691b3b6f8f2f9f981cac26aa,2025-10-30 08:00:00+00:00,Sensor_2,96,6.06,23.6,64.7,-85,9.5,2025-11-17T17:12:47.346Z
691b3c9b8f2f9f981cac26ab,2025-10-30 07:45:00+00:00,Sensor_1,96,6.05,23.6,65.9,-85,9.25,2025-11-17T17:17:47.475Z
691b3dc78f2f9f981cac26ac,2025-10-30 08:12:00+00:00,Sensor_2,96,6.48,23.5,65.3,-85,9.25,2025-11-17T17:22:47.511Z
691b3ef38f2f9f981cac26ad,2025-10-30 08:24:00+00:00,Sensor_2,97,5.93,23.3,65.9,-87,9.25,2025-11-17T17:27:47.516Z
691b401f8f2f9f981cac26ae,2025-10-30 08:36:00+00:00,Sensor_2,97,6.3,23.1,66.0,-84,10.5,2025-11-17T17:32:47.578Z
691b414b8f2f9f981cac26af,2025-10-30 08:48:00+00:00,Sensor_2,97,5.95,22.8,66.4,-85,10.25,2025-11-17T17:37:47.614Z
691b42778f2f9f981cac26b0,2025-10-30 07:50:00+00:00,Sensor_1,97,6.16,22.9,67.5,-84,10.25,2025-11-17T17:42:47.650Z
691b43a38f2f9f981cac26b1,2025-10-30 09:00:00+00:00,Sensor_2,97,5.96,22.9,67.2,-86,9.5,2025-11-17T17:47:47.886Z
691b44cf8f2f9f981cac26b2,2025-10-30 07:55:00+00:00,Sensor_1,97,6.27,22.9,67.2,-87,11.5,2025-11-17T17:52:47.719Z
691b45fb8f2f9f981cac26b3,2025-10-30 09:12:00+00:00,Sensor_2,97,6.3,22.8,67.3,-90,10.25,2025-11-17T17:57:47.958Z
691b47278f2f9f981cac26b4,2025-10-30 08:00:00+00:00,Sensor_1,98,6.44,22.7,67.4,-88,12.5,2025-11-17T18:02:47.789Z
691b48538f2f9f981cac26b5,2025-10-30 08:05:00+00:00,Sensor_1,100,6.42,22.4,68.4,-105,7.0,2025-11-17T18:07:47.824Z
691b4a0a8f2f9f981cac26b6,2025-10-30 09:24:00+00:00,Sensor_2,98,5.86,22.3,68.7,-88,12.25,2025-11-17T18:15:06.305Z
691b4b368f2f9f981cac26b7,2025-10-30 08:10:00+00:00,Sensor_1,97,6.37,22.4,68.3,-89,11.25,2025-11-17T18:20:06.340Z
691b4c628f2f9f981cac26b8,2025-10-30 08:15:00+00:00,Sensor_1,97,6.34,22.5,69.1,-89,11.0,2025-11-17T18:25:06.374Z
691b4d8e8f2f9f981cac26b9,2025-10-30 08:20:00+00:00,Sensor_1,97,5.9,22.4,68.6,-89,12.25,2025-11-17T18:30:06.614Z
691b4fa72a1ebbfb24b3d0ee,2025-10-30 08:25:00+00:00,Sensor_1,90,5.86,37.0,39.6,-96,8.0,2025-11-17T18:39:03.295Z
691b50d32a1ebbfb24b3d0ef,2025-10-30 09:36:00+00:00,Sensor_2,89,5.87,39.2,32.8,-97,8.25,2025-11-17T18:44:03.426Z
691b51ff2a1ebbfb24b3d0f0,2025-10-30 09:48:00+00:00,Sensor_2,89,5.83,35.6,37.5,-94,8.75,2025-11-17T18:49:03.569Z
691b532b2a1ebbfb24b3d0f1,2025-10-30 08:30:00+00:00,Sensor_1,89,6.3,36.4,38.0,-96,7.25,2025-11-17T18:54:03.602Z
691b54572a1ebbfb24b3d0f2,2025-10-30 10:00:00+00:00,Sensor_2,95,6.09,44.8,26.5,-98,8.5,2025-11-17T18:59:03.636Z
691b55832a1ebbfb24b3d0f3,2025-10-30 10:12:00+00:00,Sensor_2,91,6.45,39.8,30.9,-98,7.5,2025-11-17T19:04:03.940Z
691b56af2a1ebbfb24b3d0f4,2025-10-30 08:35:00+00:00,Sensor_1,92,5.91,44.4,25.7,-102,3.75,2025-11-17T19:09:03.935Z
691b57db2a1ebbfb24b3d0f5,2025-10-30 10:24:00+00:00,Sensor_2,94,5.87,50.3,21.0,-105,2.0,2025-11-17T19:14:03.763Z
691b5a842a1ebbfb24b3d0f6,2025-10-30 10:36:00+00:00,Sensor_2,98,6.42,53.6,18.5,-104,3.0,2025-11-17T19:25:24.909Z
691b5bb02a1ebbfb24b3d0f7,2025-10-30 08:40:00+00:00,Sensor_1,98,6.18,49.9,21.3,-97,7.5,2025-11-17T19:30:24.949Z
691b5cdd2a1ebbfb24b3d0f8,2025-10-30 08:45:00+00:00,Sensor_1,91,5.85,47.2,23.4,-98,8.0,2025-11-17T19:35:25.211Z
691b5e092a1ebbfb24b3d0f9,2025-10-30 10:48:00+00:00,Sensor_2,91,6.39,42.3,26.6,-98,7.75,2025-11-17T19:40:25.219Z
691b5f352a1ebbfb24b3d0fa,2025-10-30 08:50:00+00:00,Sensor_1,91,5.97,44.6,24.6,-98,9.25,2025-11-17T19:45:25.269Z
691b72112a1ebbfb24b3d0fb,2025-10-30 08:55:00+00:00,Sensor_1,51,6.38,54.3,13.9,-92,9.75,2025-11-17T21:05:53.681Z
691b74692a1ebbfb24b3d0fc,2025-10-30 11:00:00+00:00,Sensor_2,47,6.3,67.4,9.2,-91,10.0,2025-11-17T21:15:53.733Z
691b75952a1ebbfb24b3d0fd,2025-10-30 09:00:00+00:00,Sensor_1,47,5.84,60.0,11.6,-91,9.0,2025-11-17T21:20:53.768Z
691b76c22a1ebbfb24b3d0fe,2025-10-30 09:05:00+00:00,Sensor_1,47,6.1,51.4,15.4,-90,11.0,2025-11-17T21:25:54.008Z
691b77ee2a1ebbfb24b3d0ff,2025-10-30 11:12:00+00:00,Sensor_2,48,5.88,45.5,19.3,-89,8.25,2025-11-17T21:30:54.042Z
691b791a2a1ebbfb24b3d100,2025-10-30 11:24:00+00:00,Sensor_2,49,5.8,41.8,23.2,-88,10.0,2025-11-17T21:35:54.078Z
691b7a462a1ebbfb24b3d101,2025-10-30 09:10:00+00:00,Sensor_1,49,5.95,40.3,23.9,-90,10.0,2025-11-17T21:40:54.113Z
691b7b722a1ebbfb24b3d102,2025-10-30 11:36:00+00:00,Sensor_2,49,6.24,45.3,19.8,-90,10.75,2025-11-17T21:45:54.352Z
691b7c9e2a1ebbfb24b3d103,2025-10-30 11:48:00+00:00,Sensor_2,49,6.24,41.9,22.3,-91,10.0,2025-11-17T21:50:54.388Z
691b7dca2a1ebbfb24b3d104,2025-10-30 12:00:00+00:00,Sensor_2,49,6.04,38.4,25.1,-92,9.0,2025-11-17T21:55:54.341Z
691b7ef62a1ebbfb24b3d105,2025-10-30 12:12:00+00:00,Sensor_2,49,5.83,36.8,27.3,-92,9.0,2025-11-17T22:00:54.457Z
691b80222a1ebbfb24b3d106,2025-10-30 09:15:00+00:00,Sensor_1,49,6.45,35.3,30.1,-90,8.75,2025-11-17T22:05:54.509Z
691b814e2a1ebbfb24b3d107,2025-10-30 12:24:00+00:00,Sensor_2,49,6.17,34.5,32.1,-92,9.0,2025-11-17T22:10:54.733Z
691b827a2a1ebbfb24b3d108,2025-10-30 09:20:00+00:00,Sensor_1,49,5.92,34.7,30.4,-93,9.0,2025-11-17T22:15:54.766Z
691b83a62a1ebbfb24b3d109,2025-10-30 09:25:00+00:00,Sensor_1,50,6.26,34.3,30.5,-95,8.25,2025-11-17T22:20:54.808Z
691b84d22a1ebbfb24b3d10a,2025-10-30 12:36:00+00:00,Sensor_2,52,5.94,33.7,30.9,-92,11.25,2025-11-17T22:25:54.835Z
691b85fe2a1ebbfb24b3d10b,2025-10-30 12:48:00+00:00,Sensor_2,51,6.36,33.2,30.4,-92,9.75,2025-11-17T22:30:54.879Z
691b872a2a1ebbfb24b3d10c,2025-10-30 09:30:00+00:00,Sensor_1,51,5.8,33.8,32.3,-93,10.75,2025-11-17T22:35:54.905Z
691b88562a1ebbfb24b3d10d,2025-10-30 09:35:00+00:00,Sensor_1,51,5.87,33.9,31.1,-94,9.5,2025-11-17T22:40:54.940Z
691b89822a1ebbfb24b3d10e,2025-10-30 09:40:00+00:00,Sensor_1,50,6.19,34.1,29.0,-93,10.5,2025-11-17T22:45:54.982Z
691b8aaf2a1ebbfb24b3d10f,2025-10-30 09:45:00+00:00,Sensor_1,50,5.99,34.3,28.2,-94,10.0,2025-11-17T22:50:55.024Z
691b8bda2a1ebbfb24b3d110,2025-10-30 09:50:00+00:00,Sensor_1,53,6.38,32.8,30.5,-93,10.25,2025-11-17T22:55:54.881Z
691b8d062a1ebbfb24b3d111,2025-10-30 09:55:00+00:00,Sensor_1,51,5.82,32.4,29.9,-93,11.25,2025-11-17T23:00:54.977Z
691b8e332a1ebbfb24b3d112,2025-10-30 10:00:00+00:00,Sensor_1,51,6.38,32.1,34.0,-94,9.75,2025-11-17T23:05:55.012Z
691b8f5f2a1ebbfb24b3d113,2025-10-30 10:05:00+00:00,Sensor_1,51,6.31,31.5,34.8,-91,9.0,2025-11-17T23:10:55.047Z
691b908b2a1ebbfb24b3d114,2025-10-30 10:10:00+00:00,Sensor_1,51,6.21,31.2,35.0,-95,8.5,2025-11-17T23:15:55.082Z
691b91b72a1ebbfb24b3d115,2025-10-30 13:00:00+00:00,Sensor_2,52,5.87,30.8,36.4,-96,7.5,2025-11-17T23:20:55.116Z
691b92e32a1ebbfb24b3d116,2025-10-30 10:15:00+00:00,Sensor_1,52,6.44,30.5,35.8,-95,8.75,2025-11-17T23:25:55.151Z
691b940f2a1ebbfb24b3d117,2025-10-30 10:20:00+00:00,Sensor_1,52,5.97,30.5,35.6,-93,10.0,2025-11-17T23:30:55.186Z
691b953b2a1ebbfb24b3d118,2025-10-30 13:12:00+00:00,Sensor_2,52,6.35,30.0,37.2,-94,10.0,2025-11-17T23:35:55.221Z
691b96672a1ebbfb24b3d119,2025-10-30 10:25:00+00:00,Sensor_1,52,5.98,29.9,38.7,-93,12.25,2025-11-17T23:40:55.258Z
691b97932a1ebbfb24b3d11a,2025-10-30 10:30:00+00:00,Sensor_1,52,5.98,31.9,32.8,-92,10.25,2025-11-17T23:45:55.157Z
691b98bf2a1ebbfb24b3d11b,2025-10-30 13:24:00+00:00,Sensor_2,52,5.96,30.8,34.3,-94,10.25,2025-11-17T23:50:55.327Z
691b99eb2a1ebbfb24b3d11c,2025-10-30 13:36:00+00:00,Sensor_2,52,6.45,33.7,29.6,-93,11.75,2025-11-17T23:55:55.261Z
691b9b172a1ebbfb24b3d11d,2025-10-30 10:35:00+00:00,Sensor_1,52,6.09,33.6,30.3,-93,10.75,2025-11-18T00:00:55.396Z
691b9c432a1ebbfb24b3d11e,2025-10-30 13:48:00+00:00,Sensor_2,52,6.23,32.0,32.5,-94,9.25,2025-11-18T00:05:55.430Z
691b9d6f2a1ebbfb24b3d11f,2025-10-30 14:00:00+00:00,Sensor_2,52,6.05,31.0,34.8,-94,9.25,2025-11-18T00:10:55.466Z
691b9e9b2a1ebbfb24b3d120,2025-10-30 10:40:00+00:00,Sensor_1,52,6.14,31.1,33.4,-95,9.0,2025-11-18T00:15:55.501Z
691b9fc72a1ebbfb24b3d121,2025-10-30 14:12:00+00:00,Sensor_2,52,6.27,31.0,34.0,-93,9.75,2025-11-18T00:20:55.330Z
691ba0f32a1ebbfb24b3d122,2025-10-30 10:45:00+00:00,Sensor_1,54,6.08,30.6,36.7,-94,8.75,2025-11-18T00:25:55.569Z
691ba21f2a1ebbfb24b3d123,2025-10-30 10:50:00+00:00,Sensor_1,53,6.36,30.8,35.1,-96,8.0,2025-11-18T00:30:55.401Z
691ba34b2a1ebbfb24b3d124,2025-10-30 10:55:00+00:00,Sensor_1,52,5.88,38.8,24.9,-95,9.0,2025-11-18T00:35:55.434Z
691ba4772a1ebbfb24b3d125,2025-10-30 11:00:00+00:00,Sensor_1,53,5.99,34.8,28.2,-97,7.5,2025-11-18T00:40:55.470Z
691ba5a32a1ebbfb24b3d126,2025-10-30 11:05:00+00:00,Sensor_1,53,5.96,34.8,29.2,-93,8.75,2025-11-18T00:45:55.378Z
691ba6cf2a1ebbfb24b3d127,2025-10-30 11:10:00+00:00,Sensor_1,53,6.41,32.9,30.2,-99,6.5,2025-11-18T00:50:55.539Z
691ba7fb2a1ebbfb24b3d128,2025-10-30 11:15:00+00:00,Sensor_1,53,6.02,31.2,32.5,-97,7.5,2025-11-18T00:55:55.382Z
691ba9272a1ebbfb24b3d129,2025-10-30 14:24:00+00:00,Sensor_2,54,6.36,30.1,34.7,-95,8.0,2025-11-18T01:00:55.407Z
691baa532a1ebbfb24b3d12a,2025-10-30 11:20:00+00:00,Sensor_1,53,6.08,32.0,32.4,-98,8.0,2025-11-18T01:05:55.439Z
691bab7f2a1ebbfb24b3d12b,2025-10-30 14:36:00+00:00,Sensor_2,53,6.22,33.7,29.2,-96,7.5,2025-11-18T01:10:55.475Z
691bacab2a1ebbfb24b3d12c,2025-10-30 11:25:00+00:00,Sensor_1,53,6.07,32.1,31.7,-95,7.5,2025-11-18T01:15:55.511Z
691badd72a1ebbfb24b3d12d,2025-10-30 14:48:00+00:00,Sensor_2,53,6.29,33.1,28.4,-98,7.5,2025-11-18T01:20:55.545Z
691baf032a1ebbfb24b3d12e,2025-10-30 11:30:00+00:00,Sensor_1,51,5.85,37.4,23.9,-93,12.0,2025-11-18T01:25:55.383Z
691bb02f2a1ebbfb24b3d12f,2025-10-30 11:35:00+00:00,Sensor_1,51,5.93,40.3,21.4,-94,9.5,2025-11-18T01:30:55.409Z
691bb15b2a1ebbfb24b3d130,2025-10-30 11:40:00+00:00,Sensor_1,51,5.86,35.5,26.0,-96,8.5,2025-11-18T01:35:55.443Z
691bb2872a1ebbfb24b3d131,2025-10-30 11:45:00+00:00,Sensor_1,51,6.26,32.4,29.7,-94,11.75,2025-11-18T01:40:55.477Z
691bb3b32a1ebbfb24b3d132,2025-10-30 11:50:00+00:00,Sensor_1,51,6.49,30.9,32.7,-101,5.5,2025-11-18T01:45:55.513Z
691bb4df2a1ebbfb24b3d133,2025-10-30 11:55:00+00:00,Sensor_1,51,5.93,30.6,32.0,-101,6.25,2025-11-18T01:50:55.548Z
691bb60b2a1ebbfb24b3d134,2025-10-30 12:00:00+00:00,Sensor_1,51,5.98,29.8,33.1,-96,8.25,2025-11-18T01:55:55.566Z
691bb7372a1ebbfb24b3d135,2025-10-30 15:00:00+00:00,Sensor_2,52,6.22,29.2,35.9,-98,9.0,2025-11-18T02:00:55.618Z
691bb8632a1ebbfb24b3d136,2025-10-30 12:05:00+00:00,Sensor_1,52,6.16,29.0,35.4,-93,9.0,2025-11-18T02:05:55.651Z
691bb98f2a1ebbfb24b3d137,2025-10-30 15:12:00+00:00,Sensor_2,54,5.88,28.7,35.7,-98,7.75,2025-11-18T02:10:55.687Z
691bbabb2a1ebbfb24b3d138,2025-10-30 12:10:00+00:00,Sensor_1,54,5.8,28.3,34.6,-95,7.75,2025-11-18T02:15:55.926Z
691bbbe72a1ebbfb24b3d139,2025-10-30 12:15:00+00:00,Sensor_1,54,6.34,27.8,34.4,-99,7.0,2025-11-18T02:20:55.760Z
691bbd132a1ebbfb24b3d13a,2025-10-30 12:20:00+00:00,Sensor_1,54,6.09,27.5,36.7,-101,4.5,2025-11-18T02:25:55.791Z
691bbe3f2a1ebbfb24b3d13b,2025-10-30 12:25:00+00:00,Sensor_1,56,5.82,27.2,36.8,-100,5.25,2025-11-18T02:30:55.771Z
691bbf6b2a1ebbfb24b3d13c,2025-10-30 12:30:00+00:00,Sensor_1,56,5.99,27.0,37.3,-102,4.25,2025-11-18T02:35:55.861Z
691bc1d02a1ebbfb24b3d13d,2025-10-30 12:35:00+00:00,Sensor_1,61,6.49,26.4,40.0,-99,8.25,2025-11-18T02:46:08.424Z
691bc2fc2a1ebbfb24b3d13e,2025-10-30 12:40:00+00:00,Sensor_1,60,5.91,26.1,39.5,-106,2.25,2025-11-18T02:51:08.675Z
691bc5602a1ebbfb24b3d13f,2025-10-30 12:45:00+00:00,Sensor_1,59,5.8,25.5,44.2,-102,4.75,2025-11-18T03:01:20.022Z
691bc68c2a1ebbfb24b3d140,2025-10-30 15:24:00+00:00,Sensor_2,60,5.81,25.3,43.6,-98,7.75,2025-11-18T03:06:20.032Z
691bc7b82a1ebbfb24b3d141,2025-10-30 15:36:00+00:00,Sensor_2,53,5.92,25.1,44.4,-102,5.0,2025-11-18T03:11:20.100Z
691bc8e42a1ebbfb24b3d142,2025-10-30 15:48:00+00:00,Sensor_2,60,6.25,24.9,45.0,-105,2.0,2025-11-18T03:16:20.102Z
691bca0f2a1ebbfb24b3d143,2025-10-30 12:50:00+00:00,Sensor_1,56,6.28,24.7,45.0,-100,6.0,2025-11-18T03:21:19.967Z
691bcb3b2a1ebbfb24b3d144,2025-10-30 12:55:00+00:00,Sensor_1,56,5.84,24.4,46.0,-97,9.0,2025-11-18T03:26:19.967Z
691bcc682a1ebbfb24b3d145,2025-10-30 13:00:00+00:00,Sensor_1,56,6.44,24.2,48.5,-96,8.75,2025-11-18T03:31:20.124Z
691bcd942a1ebbfb24b3d146,2025-10-30 13:05:00+00:00,Sensor_1,57,5.82,24.0,48.5,-96,8.5,2025-11-18T03:36:20.040Z
691bcec02a1ebbfb24b3d147,2025-10-30 13:10:00+00:00,Sensor_1,59,5.98,23.8,49.6,-99,9.75,2025-11-18T03:41:20.276Z
691bcfec2a1ebbfb24b3d148,2025-10-30 13:15:00+00:00,Sensor_1,61,5.85,23.7,49.5,-97,9.5,2025-11-18T03:46:20.316Z
691bd1182a1ebbfb24b3d149,2025-10-30 16:00:00+00:00,Sensor_2,60,6.04,23.5,51.1,-98,10.25,2025-11-18T03:51:20.551Z
691bd345aa18880c0639412d,2025-10-30 13:20:00+00:00,Sensor_1,100,6.14,26.3,55.5,-86,12.0,2025-11-18T04:00:37.166Z
691bd471aa18880c0639412e,2025-10-30 13:25:00+00:00,Sensor_1,100,6.02,27.2,53.9,-81,9.75,2025-11-18T04:05:37.401Z
691bd59daa18880c0639412f,2025-10-30 13:30:00+00:00,Sensor_1,100,6.31,27.7,52.4,-81,9.5,2025-11-18T04:10:37.435Z
691bd6c9aa18880c06394130,2025-10-30 13:35:00+00:00,Sensor_1,100,6.19,28.1,51.9,-81,8.5,2025-11-18T04:15:37.469Z
691bd7f5aa18880c06394131,2025-10-30 13:40:00+00:00,Sensor_1,100,6.19,28.4,51.6,-81,9.0,2025-11-18T04:20:37.506Z
691bd921aa18880c06394132,2025-10-30 13:45:00+00:00,Sensor_1,100,6.0,28.5,51.2,-80,8.75,2025-11-18T04:25:37.743Z
691bda4daa18880c06394133,2025-10-30 13:50:00+00:00,Sensor_1,100,6.26,28.7,51.8,-81,9.0,2025-11-18T04:30:37.779Z
691bdb79aa18880c06394134,2025-10-30 16:12:00+00:00,Sensor_2,100,6.32,28.8,51.6,-80,8.75,2025-11-18T04:35:37.813Z
691bdca5aa18880c06394135,2025-10-30 13:55:00+00:00,Sensor_1,100,6.37,28.8,51.5,-80,8.75,2025-11-18T04:40:37.848Z
691bddd2aa18880c06394136,2025-10-30 14:00:00+00:00,Sensor_1,100,5.9,28.8,51.5,-81,8.75,2025-11-18T04:45:38.087Z
691bdefeaa18880c06394137,2025-10-30 16:24:00+00:00,Sensor_2,100,6.05,28.8,51.4,-81,8.5,2025-11-18T04:50:38.122Z
691be02aaa18880c06394138,2025-10-30 14:05:00+00:00,Sensor_1,100,6.46,28.8,51.5,-81,8.5,2025-11-18T04:55:38.107Z
691be156aa18880c06394139,2025-10-30 16:36:00+00:00,Sensor_2,100,5.95,28.8,51.6,-81,8.0,2025-11-18T05:00:38.199Z
691be282aa18880c0639413a,2025-10-30 16:48:00+00:00,Sensor_2,100,6.3,28.8,51.6,-81,8.5,2025-11-18T05:05:38.277Z
691be3aeaa18880c0639413b,2025-10-30 14:10:00+00:00,Sensor_1,100,6.27,28.8,52.5,-82,9.0,2025-11-18T05:10:38.467Z
691be4daaa18880c0639413c,2025-10-30 17:00:00+00:00,Sensor_2,100,6.13,28.8,52.0,-82,9.0,2025-11-18T05:15:38.502Z
691be606aa18880c0639413d,2025-10-30 14:15:00+00:00,Sensor_1,100,6.22,28.8,52.6,-83,8.75,2025-11-18T05:20:38.537Z
691be732aa18880c0639413e,2025-10-30 17:12:00+00:00,Sensor_2,100,6.29,28.8,52.7,-83,8.75,2025-11-18T05:25:38.375Z
691be85eaa18880c0639413f,2025-10-30 17:24:00+00:00,Sensor_2,100,6.17,28.7,53.1,-84,9.25,2025-11-18T05:30:38.401Z
691be98aaa18880c06394140,2025-10-30 14:20:00+00:00,Sensor_1,100,5.87,28.7,53.2,-83,9.5,2025-11-18T05:35:38.436Z
691beab6aa18880c06394141,2025-10-30 14:25:00+00:00,Sensor_1,100,5.9,28.6,53.4,-83,8.75,2025-11-18T05:40:38.471Z
691bebe2aa18880c06394142,2025-10-30 14:30:00+00:00,Sensor_1,100,5.95,28.6,53.4,-84,10.25,2025-11-18T05:45:38.506Z
691bed0eaa18880c06394143,2025-10-30 14:35:00+00:00,Sensor_1,100,6.23,28.5,53.8,-84,9.5,2025-11-18T05:50:38.541Z
691bee3aaa18880c06394144,2025-10-30 17:36:00+00:00,Sensor_2,100,5.88,28.5,54.1,-83,9.0,2025-11-18T05:55:38.369Z
691bef66aa18880c06394145,2025-10-30 14:40:00+00:00,Sensor_1,100,6.48,28.5,54.3,-83,8.75,2025-11-18T06:00:38.405Z
691bf092aa18880c06394146,2025-10-30 17:48:00+00:00,Sensor_2,100,5.94,28.5,54.5,-83,9.5,2025-11-18T06:05:38.362Z
691bf1beaa18880c06394147,2025-10-30 18:00:00+00:00,Sensor_2,100,6.09,28.4,54.7,-83,9.0,2025-11-18T06:10:38.475Z
691bf2eaaa18880c06394148,2025-10-30 14:45:00+00:00,Sensor_1,100,6.09,28.4,54.7,-84,9.5,2025-11-18T06:15:38.510Z
691bf416aa18880c06394149,2025-10-30 18:12:00+00:00,Sensor_2,100,6.36,28.4,54.9,-84,9.5,2025-11-18T06:20:38.544Z
691bf542aa18880c0639414a,2025-10-30 14:50:00+00:00,Sensor_1,100,5.96,28.4,54.4,-83,9.0,2025-11-18T06:25:38.375Z
691bf66eaa18880c0639414b,2025-10-30 18:24:00+00:00,Sensor_2,100,6.27,28.4,54.2,-84,10.25,2025-11-18T06:30:38.409Z
691bf79aaa18880c0639414c,2025-10-30 14:55:00+00:00,Sensor_1,100,5.98,28.4,54.1,-83,9.0,2025-11-18T06:35:38.444Z
691bf8c6aa18880c0639414d,2025-10-30 18:36:00+00:00,Sensor_2,100,6.31,28.4,54.1,-83,9.0,2025-11-18T06:40:38.479Z
691bf9f2aa18880c0639414e,2025-10-30 18:48:00+00:00,Sensor_2,100,5.81,28.4,54.5,-85,10.5,2025-11-18T06:45:38.515Z
691bfb1eaa18880c0639414f,2025-10-30 19:00:00+00:00,Sensor_2,100,6.47,28.3,54.5,-85,11.0,2025-11-18T06:50:38.550Z
691bfc4aaa18880c06394150,2025-10-30 15:00:00+00:00,Sensor_1,100,6.13,28.3,54.7,-85,10.75,2025-11-18T06:55:38.364Z
691bfd76aa18880c06394151,2025-10-30 19:12:00+00:00,Sensor_2,100,6.1,28.2,55.0,-85,10.5,2025-11-18T07:00:38.414Z
691bfea2aa18880c06394152,2025-10-30 15:05:00+00:00,Sensor_1,100,6.14,28.2,55.3,-85,10.5,2025-11-18T07:05:38.364Z
691bffceaa18880c06394153,2025-10-30 15:10:00+00:00,Sensor_1,100,5.83,28.2,55.6,-85,10.5,2025-11-18T07:10:38.484Z
691c00faaa18880c06394154,2025-10-30 15:15:00+00:00,Sensor_1,100,6.4,28.1,55.7,-85,10.5,2025-11-18T07:15:38.519Z
691c0226aa18880c06394155,2025-10-30 15:20:00+00:00,Sensor_1,100,6.39,28.0,55.9,-85,10.75,2025-11-18T07:20:38.553Z
691c0352aa18880c06394156,2025-10-30 19:24:00+00:00,Sensor_2,100,6.43,28.0,56.2,-86,11.0,2025-11-18T07:25:38.383Z
691c047eaa18880c06394157,2025-10-30 15:25:00+00:00,Sensor_1,100,6.4,28.0,56.3,-85,10.25,2025-11-18T07:30:38.420Z
691c05aaaa18880c06394158,2025-10-30 19:36:00+00:00,Sensor_2,100,6.3,28.0,56.4,-86,11.0,2025-11-18T07:35:38.454Z
691c06d6aa18880c06394159,2025-10-30 19:48:00+00:00,Sensor_2,100,5.95,28.0,56.5,-85,10.75,2025-11-18T07:40:38.488Z
691c0802aa18880c0639415a,2025-10-30 15:30:00+00:00,Sensor_1,100,5.91,27.9,56.6,-86,10.5,2025-11-18T07:45:38.524Z
691c092eaa18880c0639415b,2025-10-30 15:35:00+00:00,Sensor_1,100,5.88,27.9,56.1,-88,9.75,2025-11-18T07:50:38.359Z
691c0a5aaa18880c0639415c,2025-10-30 20:00:00+00:00,Sensor_2,100,6.03,27.9,56.6,-88,10.0,2025-11-18T07:55:38.361Z
691c0b86aa18880c0639415d,2025-10-30 20:12:00+00:00,Sensor_2,100,6.4,27.8,56.8,-86,11.25,2025-11-18T08:00:38.423Z
691c0cb2aa18880c0639415e,2025-10-30 15:40:00+00:00,Sensor_1,100,6.05,27.8,56.9,-85,11.5,2025-11-18T08:05:38.363Z
691c0ddeaa18880c0639415f,2025-10-30 20:24:00+00:00,Sensor_2,100,6.2,27.8,57.1,-86,11.5,2025-11-18T08:10:38.492Z
691c0f0aaa18880c06394160,2025-10-30 15:45:00+00:00,Sensor_1,100,6.01,27.7,57.2,-87,11.5,2025-11-18T08:15:38.527Z
691c1036aa18880c06394161,2025-10-30 15:50:00+00:00,Sensor_1,100,5.87,27.7,57.4,-86,11.25,2025-11-18T08:20:38.360Z
691c1162aa18880c06394162,2025-10-30 15:55:00+00:00,Sensor_1,100,6.08,27.6,57.4,-87,11.0,2025-11-18T08:25:38.392Z
691c128eaa18880c06394163,2025-10-30 16:00:00+00:00,Sensor_1,100,5.99,27.6,57.6,-86,11.5,2025-11-18T08:30:38.426Z
691c13baaa18880c06394164,2025-10-30 20:36:00+00:00,Sensor_2,100,5.99,27.6,57.7,-86,12.0,2025-11-18T08:35:38.462Z
691c14e6aa18880c06394165,2025-10-30 20:48:00+00:00,Sensor_2,100,6.2,27.5,57.9,-85,11.75,2025-11-18T08:40:38.496Z
691c1612aa18880c06394166,2025-10-30 16:05:00+00:00,Sensor_1,100,6.15,27.5,58.1,-85,12.0,2025-11-18T08:45:38.531Z
691c173eaa18880c06394167,2025-10-30 16:10:00+00:00,Sensor_1,100,6.47,27.5,58.2,-86,11.75,2025-11-18T08:50:38.364Z
691c186aaa18880c06394168,2025-10-30 16:15:00+00:00,Sensor_1,100,6.36,27.5,58.3,-85,12.75,2025-11-18T08:55:38.365Z
691c1996aa18880c06394169,2025-10-30 16:20:00+00:00,Sensor_1,100,6.25,27.5,58.6,-84,13.25,2025-11-18T09:00:38.431Z
691c1ac2aa18880c0639416a,2025-10-30 16:25:00+00:00,Sensor_1,100,6.38,27.5,58.7,-85,12.75,2025-11-18T09:05:38.358Z
691c1beeaa18880c0639416b,2025-10-30 21:00:00+00:00,Sensor_2,100,5.96,27.5,58.8,-84,11.5,2025-11-18T09:10:38.501Z
691c1d1aaa18880c0639416c,2025-10-30 16:30:00+00:00,Sensor_1,100,5.8,27.5,58.9,-84,12.25,2025-11-18T09:15:38.536Z
691c1e46aa18880c0639416d,2025-10-30 16:35:00+00:00,Sensor_1,100,6.48,27.4,59.1,-84,12.75,2025-11-18T09:20:38.367Z
691c1f72aa18880c0639416e,2025-10-30 21:12:00+00:00,Sensor_2,100,5.83,27.4,59.1,-84,12.5,2025-11-18T09:25:38.401Z
691c209eaa18880c0639416f,2025-10-30 21:24:00+00:00,Sensor_2,100,6.2,27.4,59.2,-86,11.25,2025-11-18T09:30:38.436Z
691c21caaa18880c06394170,2025-10-30 16:40:00+00:00,Sensor_1,100,6.2,27.4,59.3,-86,11.75,2025-11-18T09:35:38.471Z
691c22f6aa18880c06394171,2025-10-30 16:45:00+00:00,Sensor_1,100,6.38,27.3,59.5,-86,11.25,2025-11-18T09:40:38.505Z
691c2422aa18880c06394172,2025-10-30 16:50:00+00:00,Sensor_1,100,5.96,27.3,59.6,-86,11.5,2025-11-18T09:45:38.540Z
691c254eaa18880c06394173,2025-10-30 21:36:00+00:00,Sensor_2,100,6.36,27.3,59.9,-85,11.5,2025-11-18T09:50:38.370Z
691c267aaa18880c06394174,2025-10-30 16:55:00+00:00,Sensor_1,100,6.04,27.3,60.4,-85,11.0,2025-11-18T09:55:38.405Z
691c27a6aa18880c06394175,2025-10-30 17:00:00+00:00,Sensor_1,100,6.03,27.2,60.6,-85,10.75,2025-11-18T10:00:38.441Z
691c28d2aa18880c06394176,2025-10-30 17:05:00+00:00,Sensor_1,100,6.42,27.2,60.9,-85,11.25,2025-11-18T10:05:38.475Z
691c29feaa18880c06394177,2025-10-30 17:10:00+00:00,Sensor_1,100,6.48,27.2,61.0,-85,11.5,2025-11-18T10:10:38.509Z
691c2b2aaa18880c06394178,2025-10-30 17:15:00+00:00,Sensor_1,100,6.38,27.2,61.3,-84,11.5,2025-11-18T10:15:38.544Z
691c2c56aa18880c06394179,2025-10-30 21:48:00+00:00,Sensor_2,100,6.15,27.2,61.2,-84,12.5,2025-11-18T10:20:38.374Z
691c2d82aa18880c0639417a,2025-10-30 17:20:00+00:00,Sensor_1,100,6.26,27.1,61.3,-85,11.5,2025-11-18T10:25:38.409Z
691c2eaeaa18880c0639417b,2025-10-30 17:25:00+00:00,Sensor_1,100,5.89,27.1,61.3,-86,11.5,2025-11-18T10:30:38.444Z
691c2fdaaa18880c0639417c,2025-10-30 17:30:00+00:00,Sensor_1,100,5.92,27.1,61.3,-85,11.75,2025-11-18T10:35:38.479Z
691c3106aa18880c0639417d,2025-10-30 17:35:00+00:00,Sensor_1,100,6.13,27.0,61.3,-84,11.0,2025-11-18T10:40:38.513Z
691c3232aa18880c0639417e,2025-10-30 22:00:00+00:00,Sensor_2,100,6.13,27.0,61.3,-85,11.5,2025-11-18T10:45:38.549Z
691c335eaa18880c0639417f,2025-10-30 17:40:00+00:00,Sensor_1,100,6.05,27.0,61.7,-85,12.0,2025-11-18T10:50:38.350Z
691c348aaa18880c06394180,2025-10-30 17:45:00+00:00,Sensor_1,100,6.01,26.9,61.9,-86,12.0,2025-11-18T10:55:38.354Z
691c35b6aa18880c06394181,2025-10-30 17:50:00+00:00,Sensor_1,100,5.83,26.9,62.1,-86,12.0,2025-11-18T11:00:38.354Z
691c36e2aa18880c06394182,2025-10-30 17:55:00+00:00,Sensor_1,100,6.34,26.9,62.7,-87,11.25,2025-11-18T11:05:38.483Z
691c380eaa18880c06394183,2025-10-30 18:00:00+00:00,Sensor_1,100,6.1,26.9,62.5,-87,11.25,2025-11-18T11:10:38.358Z
691c393aaa18880c06394184,2025-10-30 18:05:00+00:00,Sensor_1,100,6.18,26.9,62.4,-87,11.75,2025-11-18T11:15:38.356Z
691c3a66aa18880c06394185,2025-10-30 22:12:00+00:00,Sensor_2,100,6.31,26.8,62.5,-87,11.75,2025-11-18T11:20:38.383Z
691c3b92aa18880c06394186,2025-10-30 22:24:00+00:00,Sensor_2,100,6.4,26.8,62.4,-87,11.5,2025-11-18T11:25:38.418Z
691c3cbeaa18880c06394187,2025-10-30 22:36:00+00:00,Sensor_2,100,6.0,26.8,62.6,-87,12.0,2025-11-18T11:30:38.452Z
691c3deaaa18880c06394188,2025-10-30 22:48:00+00:00,Sensor_2,100,6.01,26.8,62.7,-87,11.75,2025-11-18T11:35:38.488Z
691c3f16aa18880c06394189,2025-10-30 18:10:00+00:00,Sensor_1,100,6.03,26.8,62.6,-88,11.5,2025-11-18T11:40:38.522Z
691c4042aa18880c0639418a,2025-10-30 23:00:00+00:00,Sensor_2,100,6.25,26.7,62.6,-87,11.75,2025-11-18T11:45:38.354Z
691c416eaa18880c0639418b,2025-10-30 18:15:00+00:00,Sensor_1,100,6.13,26.7,62.7,-87,11.25,2025-11-18T11:50:38.388Z
691c429aaa18880c0639418c,2025-10-30 23:12:00+00:00,Sensor_2,100,6.46,26.7,62.7,-88,10.25,2025-11-18T11:55:38.423Z
691c43c6aa18880c0639418d,2025-10-30 18:20:00+00:00,Sensor_1,100,6.3,26.6,62.8,-88,11.0,2025-11-18T12:00:38.457Z
691c44f2aa18880c0639418e,2025-10-30 18:25:00+00:00,Sensor_1,100,6.49,26.6,62.8,-88,10.75,2025-11-18T12:05:38.492Z
691c461eaa18880c0639418f,2025-10-30 18:30:00+00:00,Sensor_1,100,6.19,26.6,62.7,-88,11.5,2025-11-18T12:10:38.348Z
691c474aaa18880c06394190,2025-10-30 23:24:00+00:00,Sensor_2,100,6.29,26.5,62.7,-89,12.25,2025-11-18T12:15:38.358Z
691c4876aa18880c06394191,2025-10-30 18:35:00+00:00,Sensor_1,100,6.17,26.5,62.7,-88,12.25,2025-11-18T12:20:38.596Z
691c49a2aa18880c06394192,2025-10-30 18:40:00+00:00,Sensor_1,100,6.18,26.5,62.7,-87,13.0,2025-11-18T12:25:38.632Z
691c4aceaa18880c06394193,2025-10-30 18:45:00+00:00,Sensor_1,100,5.94,26.5,62.6,-88,13.75,2025-11-18T12:30:38.665Z
691c4bfaaa18880c06394194,2025-10-30 18:50:00+00:00,Sensor_1,100,6.04,26.4,62.8,-88,12.75,2025-11-18T12:35:38.709Z
691c4d26aa18880c06394195,2025-10-30 23:36:00+00:00,Sensor_2,100,5.87,26.4,62.7,-89,13.0,2025-11-18T12:40:38.940Z
691c4e52aa18880c06394196,2025-10-30 23:48:00+00:00,Sensor_2,100,5.89,26.3,62.9,-88,12.25,2025-11-18T12:45:38.976Z
691c4f7faa18880c06394197,2025-11-03 00:00:00+00:00,Sensor_2,100,6.13,26.3,62.8,-88,13.5,2025-11-18T12:50:39.010Z
691c50abaa18880c06394198,2025-11-03 00:12:00+00:00,Sensor_2,100,6.06,26.3,62.8,-88,14.0,2025-11-18T12:55:39.045Z
691c51d6aa18880c06394199,2025-11-03 00:24:00+00:00,Sensor_2,100,6.23,26.2,63.0,-88,13.25,2025-11-18T13:00:38.885Z
691c5303aa18880c0639419a,2025-11-03 00:36:00+00:00,Sensor_2,100,5.94,26.2,63.1,-88,14.5,2025-11-18T13:05:39.115Z
691c542faa18880c0639419b,2025-11-03 00:48:00+00:00,Sensor_2,100,5.9,26.2,63.3,-89,15.0,2025-11-18T13:10:39.115Z
691c555baa18880c0639419c,2025-10-30 18:55:00+00:00,Sensor_1,100,6.21,26.1,63.2,-88,15.0,2025-11-18T13:15:39.185Z
691c5687aa18880c0639419d,2025-10-30 19:00:00+00:00,Sensor_1,100,6.16,26.1,63.3,-88,14.5,2025-11-18T13:20:39.424Z
691c57b3aa18880c0639419e,2025-10-30 19:05:00+00:00,Sensor_1,100,6.1,26.1,62.7,-91,11.75,2025-11-18T13:25:39.458Z
691c58dfaa18880c0639419f,2025-10-30 19:10:00+00:00,Sensor_1,100,6.14,26.1,63.2,-88,11.5,2025-11-18T13:30:39.495Z
691c5a0baa18880c063941a0,2025-11-03 01:00:00+00:00,Sensor_2,100,5.91,26.0,63.2,-88,10.25,2025-11-18T13:35:39.324Z
691c5b37aa18880c063941a1,2025-10-30 19:15:00+00:00,Sensor_1,100,6.48,26.0,63.3,-88,10.5,2025-11-18T13:40:39.358Z
691c5c63aa18880c063941a2,2025-10-30 19:20:00+00:00,Sensor_1,100,6.31,26.0,63.4,-88,10.25,2025-11-18T13:45:39.393Z
691c5d8faa18880c063941a3,2025-11-03 01:12:00+00:00,Sensor_2,100,5.91,25.9,63.5,-88,12.25,2025-11-18T13:50:39.633Z
691c5ebbaa18880c063941a4,2025-10-30 19:25:00+00:00,Sensor_1,100,6.19,25.9,63.6,-88,11.5,2025-11-18T13:55:39.667Z
691c5fe7aa18880c063941a5,2025-11-03 01:24:00+00:00,Sensor_2,100,5.93,25.9,63.7,-88,12.0,2025-11-18T14:00:39.567Z
691c6113aa18880c063941a6,2025-10-30 19:30:00+00:00,Sensor_1,100,6.14,25.8,63.7,-88,11.0,2025-11-18T14:05:39.737Z
691c623faa18880c063941a7,2025-11-03 01:36:00+00:00,Sensor_2,100,6.35,25.8,63.8,-88,10.75,2025-11-18T14:10:39.772Z
691c636baa18880c063941a8,2025-10-30 19:35:00+00:00,Sensor_1,100,5.83,25.8,63.9,-88,11.75,2025-11-18T14:15:39.807Z
691c6497aa18880c063941a9,2025-11-03 01:48:00+00:00,Sensor_2,100,6.32,25.8,63.9,-88,11.5,2025-11-18T14:20:39.841Z
691c65c3aa18880c063941aa,2025-10-30 19:40:00+00:00,Sensor_1,100,6.0,25.7,64.0,-88,11.5,2025-11-18T14:25:39.876Z
691c66efaa18880c063941ab,2025-10-30 19:45:00+00:00,Sensor_1,100,6.4,25.7,64.1,-88,11.25,2025-11-18T14:30:39.911Z
691c681caa18880c063941ac,2025-10-30 19:50:00+00:00,Sensor_1,100,6.45,25.6,64.2,-88,11.5,2025-11-18T14:35:40.150Z
691c6949aa18880c063941ad,2025-10-30 19:55:00+00:00,Sensor_1,100,6.22,-999.0,-999.0,-88,10.75,2025-11-18T14:40:41.823Z
691c6a75aa18880c063941ae,2025-10-30 20:00:00+00:00,Sensor_1,100,6.43,-999.0,-999.0,-88,10.5,2025-11-18T14:45:41.858Z
691c6ba0aa18880c063941af,2025-10-30 20:05:00+00:00,Sensor_1,100,6.3,25.9,63.1,-88,10.75,2025-11-18T14:50:40.256Z
691c6cccaa18880c063941b0,2025-11-03 02:00:00+00:00,Sensor_2,100,5.98,25.8,63.6,-89,10.5,2025-11-18T14:55:40.291Z
691c6df8aa18880c063941b1,2025-10-30 20:10:00+00:00,Sensor_1,100,6.19,25.7,63.9,-89,10.5,2025-11-18T15:00:40.324Z
691c6f24aa18880c063941b2,2025-10-30 20:15:00+00:00,Sensor_1,100,5.89,25.7,64.0,-90,9.25,2025-11-18T15:05:40.209Z
691c7050aa18880c063941b3,2025-10-30 20:20:00+00:00,Sensor_1,100,6.08,25.6,64.1,-89,10.0,2025-11-18T15:10:40.394Z
691c717caa18880c063941b4,2025-11-03 02:12:00+00:00,Sensor_2,100,5.94,25.6,64.2,-89,10.0,2025-11-18T15:15:40.434Z
691c72a8aa18880c063941b5,2025-10-30 20:25:00+00:00,Sensor_1,100,6.19,25.6,64.4,-88,9.75,2025-11-18T15:20:40.669Z
694fb2d26cda2797c79d3766,2025-10-30 20:30:00+00:00,Sensor_1,86,5.93,27.0,63.0,-92,8.0,2025-12-27T12:20:02.872Z
694fb3ff6cda2797c79d3767,2025-10-30 20:35:00+00:00,Sensor_1,89,6.47,27.3,62.5,-96,8.5,2025-12-27T12:25:03.112Z
6950101070591ed8742ced70,2025-10-30 20:40:00+00:00,Sensor_1,96,6.43,26.6,70.1,-98,9.5,2025-12-27T18:57:52.092Z
6950113c70591ed8742ced71,2025-10-30 20:45:00+00:00,Sensor_1,95,6.46,26.9,72.1,-97,9.0,2025-12-27T19:02:52.128Z
6950126870591ed8742ced72,2025-11-03 02:24:00+00:00,Sensor_2,95,6.45,27.2,71.9,-98,10.0,2025-12-27T19:07:52.366Z
6950139470591ed8742ced73,2025-11-03 02:36:00+00:00,Sensor_2,95,5.97,27.8,70.2,-99,8.75,2025-12-27T19:12:52.400Z
695014c070591ed8742ced74,2025-10-30 20:50:00+00:00,Sensor_1,96,6.09,28.3,70.5,-98,8.75,2025-12-27T19:17:52.435Z
695015ec70591ed8742ced75,2025-10-30 20:55:00+00:00,Sensor_1,96,6.4,28.9,67.0,-104,7.0,2025-12-27T19:22:52.470Z
6950171870591ed8742ced76,2025-10-30 21:00:00+00:00,Sensor_1,96,6.13,29.0,68.8,-98,8.25,2025-12-27T19:27:52.306Z
6950184470591ed8742ced77,2025-11-03 02:48:00+00:00,Sensor_2,96,6.31,29.0,66.4,-99,8.0,2025-12-27T19:32:52.325Z
6950197070591ed8742ced78,2025-11-03 03:00:00+00:00,Sensor_2,96,5.96,29.0,68.0,-100,8.75,2025-12-27T19:37:52.369Z
69501a9c70591ed8742ced79,2025-11-03 03:12:00+00:00,Sensor_2,96,6.27,28.8,66.4,-99,8.75,2025-12-27T19:42:52.609Z
69501bc870591ed8742ced7a,2025-10-30 21:05:00+00:00,Sensor_1,97,6.17,28.5,64.6,-98,9.0,2025-12-27T19:47:52.642Z
69501cf470591ed8742ced7b,2025-11-03 03:24:00+00:00,Sensor_2,97,5.94,28.5,65.7,-98,8.5,2025-12-27T19:52:52.882Z
69501e2070591ed8742ced7c,2025-10-30 21:10:00+00:00,Sensor_1,97,6.34,28.6,65.5,-99,8.25,2025-12-27T19:57:52.917Z
69501f4c70591ed8742ced7d,2025-11-03 03:36:00+00:00,Sensor_2,97,6.37,28.6,68.0,-99,8.5,2025-12-27T20:02:52.951Z
6950207870591ed8742ced7e,2025-11-03 03:48:00+00:00,Sensor_2,97,6.37,28.5,63.8,-99,8.25,2025-12-27T20:07:52.986Z
695021a570591ed8742ced7f,2025-10-30 21:15:00+00:00,Sensor_1,97,5.81,28.4,70.0,-99,8.0,2025-12-27T20:12:53.023Z
695022d170591ed8742ced80,2025-10-30 21:20:00+00:00,Sensor_1,97,6.09,28.4,68.3,-99,8.25,2025-12-27T20:17:53.056Z
695023fd70591ed8742ced81,2025-11-03 04:00:00+00:00,Sensor_2,97,6.22,28.5,70.3,-100,7.5,2025-12-27T20:22:53.089Z
6950252970591ed8742ced82,2025-11-03 04:12:00+00:00,Sensor_2,97,6.35,28.2,65.6,-99,8.5,2025-12-27T20:27:53.124Z
6950265470591ed8742ced83,2025-10-30 21:25:00+00:00,Sensor_1,97,6.18,28.2,68.7,-99,8.0,2025-12-27T20:32:52.962Z
6950278070591ed8742ced84,2025-10-30 21:30:00+00:00,Sensor_1,97,5.83,28.3,66.2,-100,8.0,2025-12-27T20:37:52.960Z
695028ad70591ed8742ced85,2025-11-03 04:24:00+00:00,Sensor_2,97,6.27,27.9,67.7,-99,8.25,2025-12-27T20:42:53.023Z
695029d870591ed8742ced86,2025-11-03 04:36:00+00:00,Sensor_2,98,6.49,27.8,69.2,-105,6.75,2025-12-27T20:47:52.957Z
69502b0570591ed8742ced87,2025-10-30 21:35:00+00:00,Sensor_1,98,6.26,27.6,66.9,-100,8.5,2025-12-27T20:52:53.092Z
69502c3170591ed8742ced88,2025-11-03 04:48:00+00:00,Sensor_2,98,5.87,27.4,69.1,-100,9.5,2025-12-27T20:57:53.128Z
69502d5d70591ed8742ced89,2025-10-30 21:40:00+00:00,Sensor_1,98,6.47,27.2,67.3,-102,8.0,2025-12-27T21:02:53.162Z
69502e8970591ed8742ced8a,2025-10-30 21:45:00+00:00,Sensor_1,98,6.34,27.2,68.1,-101,7.25,2025-12-27T21:07:53.197Z
69502fb570591ed8742ced8b,2025-10-30 21:50:00+00:00,Sensor_1,98,6.13,27.1,65.3,-99,9.0,2025-12-27T21:12:53.231Z
695030e170591ed8742ced8c,2025-11-03 05:00:00+00:00,Sensor_2,98,6.33,27.1,68.9,-99,9.5,2025-12-27T21:17:53.267Z
6950320d70591ed8742ced8d,2025-11-03 05:12:00+00:00,Sensor_2,98,6.22,27.1,71.0,-99,10.25,2025-12-27T21:22:53.302Z
6950333970591ed8742ced8e,2025-10-30 21:55:00+00:00,Sensor_1,98,6.1,27.3,71.3,-99,9.75,2025-12-27T21:27:53.341Z
6950346570591ed8742ced8f,2025-10-30 22:00:00+00:00,Sensor_1,98,5.85,27.6,72.3,-99,9.75,2025-12-27T21:32:53.369Z
6950359170591ed8742ced90,2025-10-30 22:05:00+00:00,Sensor_1,98,6.34,27.9,68.7,-100,8.5,2025-12-27T21:37:53.333Z
695036bd70591ed8742ced91,2025-10-30 22:10:00+00:00,Sensor_1,99,6.32,28.6,73.0,-99,10.25,2025-12-27T21:42:53.438Z
695037e970591ed8742ced92,2025-10-30 22:15:00+00:00,Sensor_1,99,6.4,29.2,72.7,-99,10.0,2025-12-27T21:47:53.331Z
6950391570591ed8742ced93,2025-11-03 05:24:00+00:00,Sensor_2,99,5.96,29.8,66.8,-102,7.5,2025-12-27T21:52:53.508Z
69503a4170591ed8742ced94,2025-10-30 22:20:00+00:00,Sensor_1,99,6.3,30.3,60.0,-100,9.0,2025-12-27T21:57:53.338Z
69503b6d70591ed8742ced95,2025-10-30 22:25:00+00:00,Sensor_1,99,6.21,30.8,73.1,-108,4.25,2025-12-27T22:02:53.578Z
69503c9970591ed8742ced96,2025-10-30 22:30:00+00:00,Sensor_1,99,6.36,31.1,59.8,-97,10.0,2025-12-27T22:07:53.613Z
69503dc570591ed8742ced97,2025-10-30 22:35:00+00:00,Sensor_1,99,6.07,31.1,59.3,-106,5.5,2025-12-27T22:12:53.442Z
69503ef170591ed8742ced98,2025-11-03 05:36:00+00:00,Sensor_2,99,6.13,31.1,61.5,-101,8.75,2025-12-27T22:17:53.477Z
6950401d70591ed8742ced99,2025-11-03 05:48:00+00:00,Sensor_2,99,6.0,31.1,57.7,-99,10.75,2025-12-27T22:22:53.511Z
6950414970591ed8742ced9a,2025-10-30 22:40:00+00:00,Sensor_1,99,6.47,31.3,62.0,-101,9.5,2025-12-27T22:27:53.546Z
6950427570591ed8742ced9b,2025-10-30 22:45:00+00:00,Sensor_1,99,5.94,31.6,61.1,-98,11.25,2025-12-27T22:32:53.786Z
695043a170591ed8742ced9c,2025-11-03 06:00:00+00:00,Sensor_2,99,6.0,31.7,59.1,-108,3.5,2025-12-27T22:37:53.616Z
695044cd70591ed8742ced9d,2025-10-30 22:50:00+00:00,Sensor_1,99,5.91,31.8,61.1,-101,8.5,2025-12-27T22:42:53.650Z
695045f970591ed8742ced9e,2025-10-30 22:55:00+00:00,Sensor_1,100,6.44,31.8,60.6,-102,8.75,2025-12-27T22:47:53.616Z
6950472570591ed8742ced9f,2025-11-03 06:12:00+00:00,Sensor_2,100,5.97,31.1,57.7,-102,8.75,2025-12-27T22:52:53.720Z
6950485170591ed8742ceda0,2025-11-03 06:24:00+00:00,Sensor_2,100,6.02,31.3,55.8,-101,8.75,2025-12-27T22:57:53.754Z
6950497d70591ed8742ceda1,2025-10-30 23:00:00+00:00,Sensor_1,100,6.26,31.2,59.0,-101,8.75,2025-12-27T23:02:53.788Z
69504aa970591ed8742ceda2,2025-10-30 23:05:00+00:00,Sensor_1,100,6.45,31.0,59.3,-101,8.75,2025-12-27T23:07:53.620Z
69504bd570591ed8742ceda3,2025-11-03 06:36:00+00:00,Sensor_2,100,6.41,30.2,55.5,-105,7.0,2025-12-27T23:12:53.654Z
69504d0170591ed8742ceda4,2025-10-30 23:10:00+00:00,Sensor_1,100,6.07,30.0,68.4,-106,6.75,2025-12-27T23:17:53.688Z
69504e2d70591ed8742ceda5,2025-10-30 23:15:00+00:00,Sensor_1,100,6.38,30.2,55.0,-105,8.0,2025-12-27T23:22:53.723Z
69504f5970591ed8742ceda6,2025-10-30 23:20:00+00:00,Sensor_1,100,6.36,30.3,62.5,-106,6.25,2025-12-27T23:27:53.757Z
6950508570591ed8742ceda7,2025-10-30 23:25:00+00:00,Sensor_1,100,5.85,30.5,60.4,-106,6.25,2025-12-27T23:32:53.792Z
695051b170591ed8742ceda8,2025-10-30 23:30:00+00:00,Sensor_1,100,6.46,30.1,59.1,-106,6.5,2025-12-27T23:37:53.616Z
695052dd70591ed8742ceda9,2025-10-30 23:35:00+00:00,Sensor_1,100,6.01,29.7,58.2,-107,5.75,2025-12-27T23:42:53.657Z
6950540970591ed8742cedaa,2025-10-30 23:40:00+00:00,Sensor_1,100,5.95,29.5,62.2,-105,7.25,2025-12-27T23:47:53.612Z
6950553570591ed8742cedab,2025-10-30 23:45:00+00:00,Sensor_1,100,6.38,30.1,63.9,-104,7.75,2025-12-27T23:52:53.726Z
6950566170591ed8742cedac,2025-10-30 23:50:00+00:00,Sensor_1,100,6.13,29.9,58.7,-104,7.25,2025-12-27T23:57:53.761Z
6950578d70591ed8742cedad,2025-10-30 23:55:00+00:00,Sensor_1,100,6.22,30.3,61.5,-106,6.5,2025-12-28T00:02:53.795Z
695058b970591ed8742cedae,2025-11-03 06:48:00+00:00,Sensor_2,100,6.11,30.8,58.5,-106,6.25,2025-12-28T00:07:53.830Z
695059e570591ed8742cedaf,2025-11-03 07:00:00+00:00,Sensor_2,100,5.86,30.8,59.0,-101,9.25,2025-12-28T00:12:53.865Z
69505b1170591ed8742cedb0,2025-11-03 00:00:00+00:00,Sensor_1,100,6.18,30.8,60.9,-99,10.0,2025-12-28T00:17:53.900Z
69505c3d70591ed8742cedb1,2025-11-03 07:12:00+00:00,Sensor_2,100,6.26,30.5,58.2,-104,7.5,2025-12-28T00:22:53.729Z
69505d6970591ed8742cedb2,2025-11-03 07:24:00+00:00,Sensor_2,100,6.46,29.9,60.1,-100,9.0,2025-12-28T00:27:53.765Z
69505e9570591ed8742cedb3,2025-11-03 00:05:00+00:00,Sensor_1,100,5.82,29.7,60.2,-98,9.75,2025-12-28T00:32:53.799Z
69505fc170591ed8742cedb4,2025-11-03 07:36:00+00:00,Sensor_2,100,6.42,29.3,62.3,-101,8.5,2025-12-28T00:37:53.838Z
695060ed70591ed8742cedb5,2025-11-03 07:48:00+00:00,Sensor_2,100,6.0,29.0,61.8,-101,8.75,2025-12-28T00:42:53.868Z
6950621970591ed8742cedb6,2025-11-03 00:10:00+00:00,Sensor_1,100,5.97,28.8,59.7,-100,9.0,2025-12-28T00:47:53.904Z
6950634570591ed8742cedb7,2025-11-03 00:15:00+00:00,Sensor_1,100,6.15,28.7,64.5,-101,8.5,2025-12-28T00:52:53.734Z
6950647170591ed8742cedb8,2025-11-03 00:20:00+00:00,Sensor_1,100,6.43,28.8,63.9,-101,8.75,2025-12-28T00:57:53.768Z
6950659d70591ed8742cedb9,2025-11-03 00:25:00+00:00,Sensor_1,100,6.44,28.7,60.0,-100,8.25,2025-12-28T01:02:53.802Z
695066c970591ed8742cedba,2025-11-03 00:30:00+00:00,Sensor_1,100,6.35,28.6,62.1,-101,8.5,2025-12-28T01:07:53.837Z
695067f570591ed8742cedbb,2025-11-03 00:35:00+00:00,Sensor_1,100,5.89,28.5,65.6,-103,7.25,2025-12-28T01:12:53.871Z
6950692170591ed8742cedbc,2025-11-03 00:40:00+00:00,Sensor_1,100,6.36,28.3,66.3,-102,7.75,2025-12-28T01:17:53.907Z
69506a4d70591ed8742cedbd,2025-11-03 00:45:00+00:00,Sensor_1,100,6.32,28.2,63.5,-103,7.25,2025-12-28T01:22:53.737Z
69506b7970591ed8742cedbe,2025-11-03 00:50:00+00:00,Sensor_1,100,5.82,28.3,65.4,-101,8.75,2025-12-28T01:27:53.771Z
69506ca570591ed8742cedbf,2025-11-03 00:55:00+00:00,Sensor_1,100,6.15,28.3,60.9,-100,8.0,2025-12-28T01:32:53.805Z
69506dd170591ed8742cedc0,2025-11-03 01:00:00+00:00,Sensor_1,100,6.0,28.3,64.8,-100,8.5,2025-12-28T01:37:53.841Z
69506efd70591ed8742cedc1,2025-11-03 01:05:00+00:00,Sensor_1,100,6.11,28.2,60.6,-102,8.25,2025-12-28T01:42:53.875Z
6950702970591ed8742cedc2,2025-11-03 01:10:00+00:00,Sensor_1,100,5.82,28.0,62.5,-104,6.75,2025-12-28T01:47:53.909Z
6950715570591ed8742cedc3,2025-11-03 01:15:00+00:00,Sensor_1,100,6.19,28.0,63.5,-102,7.5,2025-12-28T01:52:53.736Z
6950728170591ed8742cedc4,2025-11-03 01:20:00+00:00,Sensor_1,100,6.16,28.0,62.4,-100,8.75,2025-12-28T01:57:53.979Z
695073ae70591ed8742cedc5,2025-11-03 08:00:00+00:00,Sensor_2,100,6.32,27.9,66.1,-100,8.5,2025-12-28T02:02:54.014Z
695074da70591ed8742cedc6,2025-11-03 01:25:00+00:00,Sensor_1,100,6.08,27.7,59.7,-99,9.0,2025-12-28T02:07:54.049Z
6950760670591ed8742cedc7,2025-11-03 08:12:00+00:00,Sensor_2,100,6.0,27.6,60.8,-99,9.0,2025-12-28T02:12:54.082Z
6950773270591ed8742cedc8,2025-11-03 08:24:00+00:00,Sensor_2,100,5.88,27.5,63.4,-100,8.0,2025-12-28T02:17:54.117Z
6950785d70591ed8742cedc9,2025-11-03 08:36:00+00:00,Sensor_2,100,6.3,27.5,64.2,-102,7.5,2025-12-28T02:22:53.947Z
6950798970591ed8742cedca,2025-11-03 08:48:00+00:00,Sensor_2,100,5.85,27.5,69.5,-100,8.25,2025-12-28T02:27:53.983Z
69507ab670591ed8742cedcb,2025-11-03 01:30:00+00:00,Sensor_1,100,6.49,27.5,67.3,-99,9.25,2025-12-28T02:32:54.017Z
69507be270591ed8742cedcc,2025-11-03 01:35:00+00:00,Sensor_1,100,6.46,27.4,66.5,-100,9.25,2025-12-28T02:37:54.257Z
69507d0e70591ed8742cedcd,2025-11-03 09:00:00+00:00,Sensor_2,100,6.33,27.3,69.4,-100,8.25,2025-12-28T02:42:54.087Z
69507e3a70591ed8742cedce,2025-11-03 01:40:00+00:00,Sensor_1,100,6.37,27.2,66.1,-100,7.75,2025-12-28T02:47:54.122Z
69507f6570591ed8742cedcf,2025-11-03 09:12:00+00:00,Sensor_2,100,6.3,27.2,67.2,-100,8.0,2025-12-28T02:52:53.933Z
6950809170591ed8742cedd0,2025-11-03 01:45:00+00:00,Sensor_1,100,6.03,27.2,72.4,-99,8.75,2025-12-28T02:57:53.986Z
695081be70591ed8742cedd1,2025-11-03 01:50:00+00:00,Sensor_1,100,6.47,27.2,73.8,-101,8.0,2025-12-28T03:02:54.019Z
695082ea70591ed8742cedd2,2025-11-03 01:55:00+00:00,Sensor_1,100,6.38,27.1,71.6,-101,7.75,2025-12-28T03:07:54.055Z
6950841670591ed8742cedd3,2025-11-03 09:24:00+00:00,Sensor_2,100,6.2,27.1,72.7,-99,8.5,2025-12-28T03:12:54.090Z
6950854270591ed8742cedd4,2025-11-03 09:36:00+00:00,Sensor_2,100,5.97,27.1,73.8,-98,9.5,2025-12-28T03:17:54.124Z
6950866e70591ed8742cedd5,2025-11-03 02:00:00+00:00,Sensor_1,100,6.3,27.1,73.8,-97,9.25,2025-12-28T03:22:54.364Z
6950879a70591ed8742cedd6,2025-11-03 09:48:00+00:00,Sensor_2,100,6.31,27.0,72.1,-96,8.5,2025-12-28T03:27:54.191Z
695088c670591ed8742cedd7,2025-11-03 02:05:00+00:00,Sensor_1,100,6.45,27.0,73.2,-98,8.75,2025-12-28T03:32:54.071Z
695089f270591ed8742cedd8,2025-11-03 10:00:00+00:00,Sensor_2,100,5.87,26.7,66.4,-98,8.75,2025-12-28T03:37:54.242Z
69508b1e70591ed8742cedd9,2025-11-03 02:10:00+00:00,Sensor_1,100,6.4,26.4,67.2,-101,7.0,2025-12-28T03:42:54.309Z
69508c4a70591ed8742cedda,2025-11-03 02:15:00+00:00,Sensor_1,100,6.14,26.2,67.9,-103,7.25,2025-12-28T03:47:54.537Z
69508d7670591ed8742ceddb,2025-11-03 02:20:00+00:00,Sensor_1,100,5.82,25.8,67.7,-100,7.5,2025-12-28T03:52:54.433Z
69508ea270591ed8742ceddc,2025-11-03 10:12:00+00:00,Sensor_2,100,6.49,25.5,68.9,-99,7.75,2025-12-28T03:57:54.606Z
69508fce70591ed8742ceddd,2025-11-03 02:25:00+00:00,Sensor_1,100,6.44,25.2,69.7,-97,9.5,2025-12-28T04:02:54.644Z
695090fa70591ed8742cedde,2025-11-03 02:30:00+00:00,Sensor_1,100,6.28,25.1,71.7,-97,9.0,2025-12-28T04:07:54.677Z
6950922670591ed8742ceddf,2025-11-03 02:35:00+00:00,Sensor_1,100,6.13,24.9,71.9,-98,8.5,2025-12-28T04:12:54.711Z
6950935270591ed8742cede0,2025-11-03 10:24:00+00:00,Sensor_2,100,5.94,24.8,71.3,-98,7.75,2025-12-28T04:17:54.851Z
